{
  "tests": [
    {
      "name": "input.1",
      "setup": "gcc main.c -o main -lm",
      "run": "/usr/bin/timeout -k 1s -s 9 1s ./main",
      "input": "5\r\n8 9 10 3 -5",
      "output": "10",
      "comparison": "exact",
      "timeout": 1,
      "points": 5
    },
    {
      "name": "input.2",
      "setup": "gcc main.c -o main -lm",
      "run": "/usr/bin/timeout -k 1s -s 9 1s ./main",
      "input": "5\r\n-6 -2 -3 -4 -5",
      "output": "-2",
      "comparison": "exact",
      "timeout": 1,
      "points": 5
    }
  ]
}
